{
  "eye": {
    "orientation": [
      0,
      0,
      0,
      1
    ],
    "magnitude": 0.5773502588272095,
    "position": [
      6.928194046020508,
      -21.939321517944336,
      300
    ]
  },
  "radius": 150,
  "type": "PERSPECTIVE"
}