{
  "eye": {
    "orientation": [
      0,
      0,
      0,
      1
    ],
    "magnitude": 0.5773502588272095,
    "position": [
      5.245208740234375E-6,
      -24.248714447021484,
      300
    ]
  },
  "radius": 150,
  "type": "PERSPECTIVE"
}